"Step","run2_val_precision","wise-spaceship-106 - val_precision__MIN","wise-spaceship-106 - val_precision__MAX"
"0","0.846394","0","0"
"16198","0.8531942367553711","0.8531942367553711","0.8531942367553711"
"32397","0.8396605253219604","0.8396605253219604","0.8396605253219604"
"48596","0.8672530651092529","0.8672530651092529","0.8672530651092529"
"64795","0.8172183632850647","0.8172183632850647","0.8172183632850647"
"80994","0.838943600654602","0.838943600654602","0.838943600654602"